{
  "version": 1,
  "author": "Anonymous maker",
  "editor": "wokwi",
  "parts": [
    { "type": "wokwi-arduino-uno", "id": "uno", "top": 10.2, "left": -58.2, "attrs": {} },
    {
      "type": "wokwi-lcd2004",
      "id": "lcd1",
      "top": -60.8,
      "left": 293.6,
      "attrs": { "pins": "i2c" }
    },
    {
      "type": "wokwi-dht22",
      "id": "dht1",
      "top": -153.3,
      "left": -168.6,
      "attrs": { "humidity": "81.5", "temperature": "80" }
    },
    {
      "type": "wokwi-photoresistor-sensor",
      "id": "ldr1",
      "top": -153.9,
      "left": -341.5,
      "rotate": 90,
      "attrs": {}
    },
    {
      "type": "wokwi-ntc-temperature-sensor",
      "id": "ntc1",
      "top": -189.9,
      "left": -509.3,
      "rotate": 90,
      "attrs": {}
    }
  ],
  "connections": [
    [ "uno:GND.3", "lcd1:GND", "black", [ "v38.3", "h119.2", "v-28.8" ] ],
    [ "lcd1:VCC", "uno:5V", "red", [ "h-38.4", "v268.9", "h-163.2" ] ],
    [ "lcd1:SDA", "uno:A4.2", "green", [ "h0" ] ],
    [ "lcd1:SCL", "uno:A5.2", "green", [ "h0" ] ],
    [ "dht1:GND", "uno:GND.1", "black", [ "v28.8", "h182.4", "v38.4" ] ],
    [ "dht1:VCC", "uno:5V", "red", [ "v288", "h249.6" ] ],
    [ "dht1:SDA", "uno:2", "cyan", [ "v19.2", "h316.9" ] ],
    [ "ldr1:VCC", "dht1:VCC", "red", [ "v0" ] ],
    [ "ldr1:GND", "dht1:GND", "black", [ "v38.4", "h125.2" ] ],
    [ "ldr1:AO", "uno:A0", "magenta", [ "v268.8", "h413.5", "v-38.4" ] ],
    [ "ntc1:GND", "ldr1:GND", "black", [ "v86.4", "h172.8" ] ],
    [ "ntc1:VCC", "ldr1:VCC", "red", [ "v115.2", "h211.2" ] ],
    [ "ntc1:OUT", "uno:A1", "yellow", [ "v364.8", "h604.9" ] ]
  ],
  "dependencies": {}
}