{
  "version": 1,
  "author": "Anonymous maker",
  "editor": "wokwi",
  "parts": [
    { "type": "wokwi-arduino-uno", "id": "uno", "top": -18.6, "left": -288.6, "attrs": {} },
    {
      "type": "wokwi-lcd1602",
      "id": "lcd1",
      "top": -89.6,
      "left": 140,
      "attrs": { "pins": "i2c" }
    }
  ],
  "connections": [
    [ "lcd1:GND", "uno:GND.3", "black", [ "h-96", "v278.4", "h-153.6" ] ],
    [ "lcd1:VCC", "uno:5V", "red", [ "h-86.4", "v278.5", "h-182.4" ] ],
    [ "lcd1:SDA", "uno:A4.2", "green", [ "h0" ] ],
    [ "lcd1:SCL", "uno:A5.2", "magenta", [ "h-345.6", "v0.3" ] ]
  ],
  "dependencies": {}
}